id,user_id,document_type,file_name,file_path,file_size,content_type,uploaded_at
9f0d0e96-45b8-471f-bcca-874316804238,1aebc37e-043d-4d52-a152-82b55531d654,kontoauszug,Vorstellung.pdf,1aebc37e-043d-4d52-a152-82b55531d654/kontoauszug/1757163842877.pdf,537139,application/pdf,2025-09-06T13:04:13.935899+00:00
9f4799d9-fec3-4296-97d7-d0beeed8e5a0,0571cbf2-9a09-4455-95e4-9d0595afcd58,personalausweis,image.jpg,0571cbf2-9a09-4455-95e4-9d0595afcd58/personalausweis/1757163646106.jpg,2258642,image/jpeg,2025-09-06T13:00:49.89158+00:00
88171d44-7114-4be5-986b-3602861775bc,0571cbf2-9a09-4455-95e4-9d0595afcd58,personalausweis,image.jpg,0571cbf2-9a09-4455-95e4-9d0595afcd58/personalausweis/1757163625198.jpg,1987364,image/jpeg,2025-09-06T13:00:29.858879+00:00
013a1171-2763-42ec-a43b-7ba2d4298739,8bf54fea-97a9-4c4d-b7db-709a7264ec4d,personalausweis,IMG_4436.jpeg,8bf54fea-97a9-4c4d-b7db-709a7264ec4d/personalausweis/1757162294015.jpeg,1516936,image/jpeg,2025-09-06T12:38:16.502654+00:00
8da23f39-92cc-481d-9c18-8f18e143600b,8bf54fea-97a9-4c4d-b7db-709a7264ec4d,personalausweis,IMG_4437.jpeg,8bf54fea-97a9-4c4d-b7db-709a7264ec4d/personalausweis/1757162282584.jpeg,1554113,image/jpeg,2025-09-06T12:38:05.07025+00:00
4974db63-b05c-426b-973b-9fb2e55675cd,8bf54fea-97a9-4c4d-b7db-709a7264ec4d,gehaltsnachweis,Gehaltnachweis Juni Moritz Blechmann.pdf,8bf54fea-97a9-4c4d-b7db-709a7264ec4d/gehaltsnachweis/1757162243663.pdf,20191,application/pdf,2025-09-06T12:37:24.47392+00:00
49592ec9-273c-49eb-8e65-acb2d931c243,1aebc37e-043d-4d52-a152-82b55531d654,kontoauszug,Schufa new.pdf,1aebc37e-043d-4d52-a152-82b55531d654/kontoauszug/1757162238819.pdf,200865,application/pdf,2025-09-06T12:37:22.032527+00:00
c5262aea-840f-401a-ac8d-d48ec3fd7122,8bf54fea-97a9-4c4d-b7db-709a7264ec4d,gehaltsnachweis,Gehaltnachweis Juli Moritz Blechmann.pdf,8bf54fea-97a9-4c4d-b7db-709a7264ec4d/gehaltsnachweis/1757162232934.pdf,20117,application/pdf,2025-09-06T12:37:13.885571+00:00
bdb04ac8-1b33-4fc0-8635-b76c82971428,8bf54fea-97a9-4c4d-b7db-709a7264ec4d,gehaltsnachweis,Gehaltnachweis August Moritz Blechmann.pdf,8bf54fea-97a9-4c4d-b7db-709a7264ec4d/gehaltsnachweis/1757162221506.pdf,20453,application/pdf,2025-09-06T12:37:03.110013+00:00
362ed0b1-d417-48d9-b61b-1e6409942520,1aebc37e-043d-4d52-a152-82b55531d654,gehaltsnachweis,Brutto-Netto-Abrechnung 2025 07 Juli.pdf,1aebc37e-043d-4d52-a152-82b55531d654/gehaltsnachweis/1757162194989.pdf,26912,application/pdf,2025-09-06T12:36:37.298816+00:00
5f37a449-e04f-4830-be33-00de74cf8a0c,1aebc37e-043d-4d52-a152-82b55531d654,personalausweis,Permanent Residence.pdf,1aebc37e-043d-4d52-a152-82b55531d654/personalausweis/1757162147979.pdf,1107036,application/pdf,2025-09-06T12:36:14.386637+00:00
90e9fb35-d5af-45b4-8d21-5f0d5c91ec1e,6277499c-a6b0-497f-95f1-e87aaa0d2675,personalausweis,CC_TiagoSa.pdf,6277499c-a6b0-497f-95f1-e87aaa0d2675/personalausweis/1757160233530.pdf,284321,application/pdf,2025-09-06T12:03:55.312209+00:00
394d73be-0e4d-4981-8e77-6cc5ff871a02,6277499c-a6b0-497f-95f1-e87aaa0d2675,gehaltsnachweis,Tiago_Sa_Payslip_08-2025.pdf,6277499c-a6b0-497f-95f1-e87aaa0d2675/gehaltsnachweis/1757160174654.pdf,27443,application/pdf,2025-09-06T12:02:56.044761+00:00
1cab3cbd-eab1-4619-9953-4553721668e2,88eaae50-cf90-4d77-b9d0-2ad10eafa1c1,gehaltsnachweis,Einkommens-Nachweis__Paul Appel.pdf,88eaae50-cf90-4d77-b9d0-2ad10eafa1c1/gehaltsnachweis/1757159943294.pdf,1090222,application/pdf,2025-09-06T11:59:07.03412+00:00
e1a30af9-14c1-42ae-8b4e-24ffb2d8cfce,88eaae50-cf90-4d77-b9d0-2ad10eafa1c1,kontoauszug,Kontoauszug-2025-09.pdf,88eaae50-cf90-4d77-b9d0-2ad10eafa1c1/kontoauszug/1757159662172.pdf,14623,application/pdf,2025-09-06T11:54:23.591198+00:00
88f69b66-c9df-4b8f-aec7-e8dd90aeffe9,88eaae50-cf90-4d77-b9d0-2ad10eafa1c1,personalausweis,Personalausweis Paul Appel.png,88eaae50-cf90-4d77-b9d0-2ad10eafa1c1/personalausweis/1757159515824.png,1192538,image/png,2025-09-06T11:51:59.400401+00:00
ae9a84e2-f16c-4d05-a01e-c8f5b8dbd060,299ed9f4-c685-4851-b2b0-3000de93260a,personalausweis,image.jpg,299ed9f4-c685-4851-b2b0-3000de93260a/personalausweis/1757158525460.jpg,3003076,image/jpeg,2025-09-06T11:35:29.670455+00:00
b8e73914-8246-4923-b08d-65e2d47d1080,299ed9f4-c685-4851-b2b0-3000de93260a,kontoauszug,Mietzahlnachweis2025_HBerg.pdf,299ed9f4-c685-4851-b2b0-3000de93260a/kontoauszug/1757158499279.pdf,41510,application/pdf,2025-09-06T11:35:00.710103+00:00
5a8f170b-20db-4adf-89a0-efeedd82c495,299ed9f4-c685-4851-b2b0-3000de93260a,gehaltsnachweis,Gehaltsnachweis2025_HBerg.pdf,299ed9f4-c685-4851-b2b0-3000de93260a/gehaltsnachweis/1757158478836.pdf,41547,application/pdf,2025-09-06T11:34:40.326936+00:00
d746139b-926d-4832-9a67-5332cfe155c4,6c12b261-6118-4eb0-bd04-d07b8799f7b8,gehaltsnachweis,c468060e-573c-4f6f-9bb5-e6fe75cafb67.jpeg,6c12b261-6118-4eb0-bd04-d07b8799f7b8/gehaltsnachweis/1757156843083.jpeg,705753,image/jpeg,2025-09-06T11:07:25.205735+00:00
d16b9900-265e-4c13-9bdc-3c16e1842d73,0eabec2a-d6b5-4ea1-b598-d8a8975361e0,personalausweis,20250906_AlterP_Personalausweis.pdf,0eabec2a-d6b5-4ea1-b598-d8a8975361e0/personalausweis/1757156834093.pdf,431079,application/pdf,2025-09-06T11:07:16.610254+00:00
2ea8be79-6a27-49f7-b2a3-1411a1587baf,0eabec2a-d6b5-4ea1-b598-d8a8975361e0,gehaltsnachweis,Einkommens-Nachweis (1).pdf,0eabec2a-d6b5-4ea1-b598-d8a8975361e0/gehaltsnachweis/1757156676405.pdf,1090490,application/pdf,2025-09-06T11:04:45.433342+00:00
0ac26965-9108-497f-aeca-4dc3ad54499e,69a4e13b-d7e1-4d7e-9ae9-5c651f4ae853,gehaltsnachweis,Einkommens-Nachweis-2.pdf,69a4e13b-d7e1-4d7e-9ae9-5c651f4ae853/gehaltsnachweis/1757156604283.pdf,1092830,application/pdf,2025-09-06T11:03:26.700199+00:00
6e2c886b-38fa-421f-84bb-cae902cbe0fc,d1c9b547-3b4a-48b9-a6b7-5bff519953ab,personalausweis,11_Ausweis_Murat_Vorne.pdf,d1c9b547-3b4a-48b9-a6b7-5bff519953ab/personalausweis/1757156013883.pdf,523368,application/pdf,2025-09-06T10:53:35.56131+00:00
94c4e660-9487-42ee-8e49-2c8c99743ee7,d1c9b547-3b4a-48b9-a6b7-5bff519953ab,gehaltsnachweis,08_Gehaltsabrechnung_Murat_Juli 2025.pdf,d1c9b547-3b4a-48b9-a6b7-5bff519953ab/gehaltsnachweis/1757156006870.pdf,109875,application/pdf,2025-09-06T10:53:28.05829+00:00
8bd257f2-3345-4f17-9ea6-434b2680a9a6,d1c9b547-3b4a-48b9-a6b7-5bff519953ab,gehaltsnachweis,07_Gehaltsabrechnung_Murat_Juni 2025.pdf,d1c9b547-3b4a-48b9-a6b7-5bff519953ab/gehaltsnachweis/1757156001366.pdf,112222,application/pdf,2025-09-06T10:53:22.618297+00:00
34dfa7cc-44c0-4cc4-aae7-8ee78c47c7d4,d1c9b547-3b4a-48b9-a6b7-5bff519953ab,gehaltsnachweis,06_Gehaltsabrechnung_Murat_Mai 2025.pdf,d1c9b547-3b4a-48b9-a6b7-5bff519953ab/gehaltsnachweis/1757155996123.pdf,108812,application/pdf,2025-09-06T10:53:17.434589+00:00
ac6c9f82-8970-44b7-af4a-079036ebf39c,78a04b2f-f68e-4203-8920-9567bc7d85f9,gehaltsnachweis,Gehaltsnachweise der letzten 3 Monate von Richard Eckert.pdf,78a04b2f-f68e-4203-8920-9567bc7d85f9/gehaltsnachweis/1757155576772.pdf,167790,application/pdf,2025-09-06T10:46:18.491476+00:00
bdf9215b-b87f-48d2-b7ee-6ae5eafc9fdf,0b76445b-c3f0-4f38-8810-23ec3514433f,gehaltsnachweis,Lohnabrechnung August.pdf,0b76445b-c3f0-4f38-8810-23ec3514433f/gehaltsnachweis/1757155543610.pdf,7699,application/pdf,2025-09-06T10:45:44.702095+00:00
fd09e9e8-989a-4f79-8c3e-d29fae3fcc64,a471a91c-8dc5-46e8-a6a1-7224d2546573,kontoauszug,Lebenslauf.pdf,a471a91c-8dc5-46e8-a6a1-7224d2546573/kontoauszug/1757155238432.pdf,115080,application/pdf,2025-09-06T10:40:38.84546+00:00
871b6c63-622b-42ef-9334-cdb19ec9fed7,a471a91c-8dc5-46e8-a6a1-7224d2546573,gehaltsnachweis,250304_Poorjamali_Behzad_AV_Änderung_zum_01042025 sign.pdf,a471a91c-8dc5-46e8-a6a1-7224d2546573/gehaltsnachweis/1757155218344.pdf,754246,application/pdf,2025-09-06T10:40:19.639919+00:00
3da51857-13b4-4466-b715-1e4b7c3bb135,e77ace28-a65d-4e8a-89af-51db1e871ea9,gehaltsnachweis,SKM_C450i25060310440.pdf,e77ace28-a65d-4e8a-89af-51db1e871ea9/gehaltsnachweis/1757155211257.pdf,192059,application/pdf,2025-09-06T10:40:14.008523+00:00
f79de873-3e28-4333-8eff-9ab5e5edd1f8,a471a91c-8dc5-46e8-a6a1-7224d2546573,personalausweis,Passport .pdf,a471a91c-8dc5-46e8-a6a1-7224d2546573/personalausweis/1757155199753.pdf,533204,application/pdf,2025-09-06T10:40:00.997714+00:00
3acab56c-65eb-48ba-b599-574577f2ab37,78a04b2f-f68e-4203-8920-9567bc7d85f9,personalausweis,Personalausweis Richard Eckert.pdf,78a04b2f-f68e-4203-8920-9567bc7d85f9/personalausweis/1757155142663.pdf,1343885,application/pdf,2025-09-06T10:39:07.172071+00:00
e44c4272-9f32-4d3d-afbb-8ebea0aaef3b,78a04b2f-f68e-4203-8920-9567bc7d85f9,kontoauszug,Kontoauszug_2025_09_06_Richard Eckert.pdf,78a04b2f-f68e-4203-8920-9567bc7d85f9/kontoauszug/1757154895039.pdf,100819,application/pdf,2025-09-06T10:35:01.116826+00:00
efb159d3-8db5-4c98-b583-ec19c18bcf6a,0b76445b-c3f0-4f38-8810-23ec3514433f,personalausweis,878bc175-f236-4769-93d2-5a11e49d9bf7.jpeg,0b76445b-c3f0-4f38-8810-23ec3514433f/personalausweis/1757154679369.jpeg,378651,image/jpeg,2025-09-06T10:31:20.779687+00:00
578ec04d-ab1a-45bc-8830-b9646b05b3a1,0b76445b-c3f0-4f38-8810-23ec3514433f,personalausweis,d0f52408-c64b-4458-8aad-bbe4542955aa.jpeg,0b76445b-c3f0-4f38-8810-23ec3514433f/personalausweis/1757154662658.jpeg,389943,image/jpeg,2025-09-06T10:31:04.454322+00:00
b436996b-1329-41d5-9a7a-0a984571bca4,0b76445b-c3f0-4f38-8810-23ec3514433f,personalausweis,fefe65f2-9d94-45fd-a1c5-aaaf9232df49.jpeg,0b76445b-c3f0-4f38-8810-23ec3514433f/personalausweis/1757154655054.jpeg,242268,image/jpeg,2025-09-06T10:30:57.163128+00:00
a18df1a2-8a70-44a2-a15d-cbfce04f9a7e,0b76445b-c3f0-4f38-8810-23ec3514433f,personalausweis,bdd1df9d-f9d4-4fd3-b470-7330595c04c2.jpeg,0b76445b-c3f0-4f38-8810-23ec3514433f/personalausweis/1757154638731.jpeg,325266,image/jpeg,2025-09-06T10:30:40.860249+00:00
f4aaa77d-2119-4fa1-83f1-3047ef710117,354f125a-32f3-475b-bfec-a2ecb346b717,personalausweis,a1e3c87e-f9e0-4561-820b-8094115d6689.jpeg,354f125a-32f3-475b-bfec-a2ecb346b717/personalausweis/1757154192764.jpeg,479000,image/jpeg,2025-09-06T10:23:15.10351+00:00
a45b376e-6051-4f85-a198-b74511df8d82,7ea5c062-9547-442a-9af2-a37f3fef8365,gehaltsnachweis,Mietbewerbung_KBen.pdf,7ea5c062-9547-442a-9af2-a37f3fef8365/gehaltsnachweis/1757154170905.pdf,4120304,application/pdf,2025-09-06T10:22:56.301132+00:00
7d16b138-6727-4831-a250-23724d7ed671,44055d56-400d-4aac-90bc-7e64500f774e,gehaltsnachweis,Verdienstabrechnung_05 bis 07 2025_Fabian Schmidt.pdf,44055d56-400d-4aac-90bc-7e64500f774e/gehaltsnachweis/1757152174741.pdf,307047,application/pdf,2025-09-06T09:49:36.910957+00:00
af7face9-8b46-49c7-b285-631fbfa5c900,712d33ed-0745-4530-ba94-747bf694797f,gehaltsnachweis,Sarah Jakob Unbefristeter Vertrag.pdf,712d33ed-0745-4530-ba94-747bf694797f/gehaltsnachweis/1757151978913.pdf,70901,application/pdf,2025-09-06T09:46:20.057141+00:00
7945d540-d413-4296-bbee-795015b172a4,712d33ed-0745-4530-ba94-747bf694797f,gehaltsnachweis,Verdienstabrechnung Sarah Jakob August 2025.pdf,712d33ed-0745-4530-ba94-747bf694797f/gehaltsnachweis/1757151961810.pdf,647900,application/pdf,2025-09-06T09:46:02.779748+00:00
81aee422-ebfe-4298-9754-01e150978ab3,712d33ed-0745-4530-ba94-747bf694797f,gehaltsnachweis,Verdienstabrechnung Sarah Jakob Juli 2025.pdf,712d33ed-0745-4530-ba94-747bf694797f/gehaltsnachweis/1757151941050.pdf,647927,application/pdf,2025-09-06T09:45:42.597704+00:00
c4f5b595-83e4-40e6-9772-2248a854ab92,d9da5c57-856f-4c0a-8de3-a7cf16a5b9ea,personalausweis,Ausweis 10. Jan. 2024 (1).pdf,d9da5c57-856f-4c0a-8de3-a7cf16a5b9ea/personalausweis/1757151359173.pdf,466596,application/pdf,2025-09-06T09:36:00.858107+00:00
d0050ba1-bbae-47aa-b26a-65afd6f7cbea,0b0ea68a-6830-4abe-898c-aacc00c87b7a,gehaltsnachweis,Scan_von m.maier_2025-08-04.pdf,0b0ea68a-6830-4abe-898c-aacc00c87b7a/gehaltsnachweis/1757151185816.pdf,6515453,application/pdf,2025-09-06T09:33:13.86755+00:00
5a489ef5-3126-4784-b0f6-2d82e6b20868,d9da5c57-856f-4c0a-8de3-a7cf16a5b9ea,kontoauszug,Mietzahlungs-Bestätigung.pdf,d9da5c57-856f-4c0a-8de3-a7cf16a5b9ea/kontoauszug/1757151175204.pdf,1090332,application/pdf,2025-09-06T09:32:57.22571+00:00
2a8a3cc4-b0b2-4e33-953b-cda8adf0775e,d9da5c57-856f-4c0a-8de3-a7cf16a5b9ea,gehaltsnachweis,Einkommens-Nachweis.pdf,d9da5c57-856f-4c0a-8de3-a7cf16a5b9ea/gehaltsnachweis/1757151165846.pdf,1090478,application/pdf,2025-09-06T09:32:48.2096+00:00
6dd5f9e0-c34b-4ce0-8cbb-dd5f000e362e,2bc6ae67-f734-4a98-9599-c0ab48fb95de,gehaltsnachweis,Screenshot_20250906_112900_Drive.jpg,2bc6ae67-f734-4a98-9599-c0ab48fb95de/gehaltsnachweis/1757150964705.jpg,397665,image/jpeg,2025-09-06T09:29:27.525663+00:00
2990a1da-6853-4543-aede-1f4a4d3f2087,712d33ed-0745-4530-ba94-747bf694797f,personalausweis,Kopie Personalausweis Sarah Jakob.pdf,712d33ed-0745-4530-ba94-747bf694797f/personalausweis/1757150821288.pdf,414859,application/pdf,2025-09-06T09:27:02.956676+00:00
fb889c6f-91a3-4b8d-ab86-c9b173bbd3fb,0b0ea68a-6830-4abe-898c-aacc00c87b7a,kontoauszug,Verdienstabrechnung Gehaltsmitteilung Februar-April_25.pdf,0b0ea68a-6830-4abe-898c-aacc00c87b7a/kontoauszug/1757150613045.pdf,14443378,application/pdf,2025-09-06T09:23:50.382892+00:00
c4d8abeb-1a50-4b0c-ab8f-cbfdf04119d5,0b0ea68a-6830-4abe-898c-aacc00c87b7a,personalausweis,Personalausweis Michael Maier 2.pdf,0b0ea68a-6830-4abe-898c-aacc00c87b7a/personalausweis/1757150569498.pdf,4447557,application/pdf,2025-09-06T09:22:57.011485+00:00
07c93ba6-8499-4d69-86f0-40d182372b9e,c782fd9e-73d4-4c93-97fd-4b32a8633348,gehaltsnachweis,ZARA Vertrag 25'.pdf,c782fd9e-73d4-4c93-97fd-4b32a8633348/gehaltsnachweis/1757149212829.pdf,264283,application/pdf,2025-09-06T09:00:14.959176+00:00
bc33763c-67af-4f58-a802-6d90c4e62eb0,c782fd9e-73d4-4c93-97fd-4b32a8633348,personalausweis,Ausweis Back 1.pdf,c782fd9e-73d4-4c93-97fd-4b32a8633348/personalausweis/1757149029816.pdf,3139476,application/pdf,2025-09-06T08:57:13.321531+00:00
398c5c32-10f0-4a3f-baef-21176881171c,c782fd9e-73d4-4c93-97fd-4b32a8633348,personalausweis,Ausweis Front 1.pdf,c782fd9e-73d4-4c93-97fd-4b32a8633348/personalausweis/1757149006163.pdf,6457850,application/pdf,2025-09-06T08:56:52.661912+00:00
be3020a1-1c43-447e-ba01-b5aa98fd9b98,3cc3b4ad-0693-44ee-b7e9-4d42bb65c73b,kontoauszug,Duy_Pham_Schufa.pdf,3cc3b4ad-0693-44ee-b7e9-4d42bb65c73b/kontoauszug/1757148964975.pdf,147821,application/pdf,2025-09-06T08:56:07.71889+00:00
b01d3cba-03b4-4e14-aa27-ed40b518e465,84580a1b-16bd-4d06-bd19-5272527fe9d4,gehaltsnachweis,Gehaltsnachweis Juli 2025.pdf,84580a1b-16bd-4d06-bd19-5272527fe9d4/gehaltsnachweis/1757148846688.pdf,296384,application/pdf,2025-09-06T08:54:09.117613+00:00
7425834e-df6b-4def-a4e6-be12a9b3478c,3cc3b4ad-0693-44ee-b7e9-4d42bb65c73b,gehaltsnachweis,Payslip_REDE013009_08_2025.pdf,3cc3b4ad-0693-44ee-b7e9-4d42bb65c73b/gehaltsnachweis/1757148756815.pdf,129318,application/pdf,2025-09-06T08:52:39.342073+00:00
9f579634-2a06-42bb-8534-f9ee3f01b612,84580a1b-16bd-4d06-bd19-5272527fe9d4,personalausweis,IMG_0220.jpeg,84580a1b-16bd-4d06-bd19-5272527fe9d4/personalausweis/1757148727082.jpeg,1150037,image/jpeg,2025-09-06T08:52:09.930553+00:00
eafa7717-a0d4-40e3-b2eb-7a6c8aa2fb31,354f125a-32f3-475b-bfec-a2ecb346b717,gehaltsnachweis,Bewerbermappe_Sebastian Reinhard_Schanderl.pdf,354f125a-32f3-475b-bfec-a2ecb346b717/gehaltsnachweis/1757148073968.pdf,7237054,application/pdf,2025-09-06T08:41:23.442912+00:00
c0f7b54d-5eb0-4140-bccc-f4c0e281b17e,354f125a-32f3-475b-bfec-a2ecb346b717,kontoauszug,Bonitats-auskunft.pdf,354f125a-32f3-475b-bfec-a2ecb346b717/kontoauszug/1757148078614.pdf,148271,application/pdf,2025-09-06T08:41:22.549237+00:00
1b04c426-ac94-49d6-9cdc-c758a1ae270d,0061a2b9-ce98-46c3-a588-b21f46900007,personalausweis,Bewerbermappe_Julius_Römer.PDF,0061a2b9-ce98-46c3-a588-b21f46900007/personalausweis/1757148024279.PDF,5431346,application/pdf,2025-09-06T08:40:28.192811+00:00
4004e7b3-e034-429f-b846-f0908e7df17a,0061a2b9-ce98-46c3-a588-b21f46900007,gehaltsnachweis,Entgeltnachwe_Mai_2025.pdf,0061a2b9-ce98-46c3-a588-b21f46900007/gehaltsnachweis/1757148008648.pdf,60350,application/pdf,2025-09-06T08:40:09.233021+00:00
48bae462-6d46-417e-ae1e-f512baee36de,0061a2b9-ce98-46c3-a588-b21f46900007,gehaltsnachweis,Entgeltnachwe_Juni_2025.pdf,0061a2b9-ce98-46c3-a588-b21f46900007/gehaltsnachweis/1757148002321.pdf,60124,application/pdf,2025-09-06T08:40:03.508022+00:00
6684d1c9-a881-4836-9011-0fd83cf28af0,0061a2b9-ce98-46c3-a588-b21f46900007,gehaltsnachweis,Entgeltnachwe_Juli_2025.pdf,0061a2b9-ce98-46c3-a588-b21f46900007/gehaltsnachweis/1757147995301.pdf,89399,application/pdf,2025-09-06T08:39:56.690774+00:00
7a20ba8a-bab5-46c2-b3f4-36d8530b77d8,1edf2fb9-0bfe-4f97-9090-0692af06b7ab,gehaltsnachweis,Screenshot_20250801_172558_Samsung Notes.jpg,1edf2fb9-0bfe-4f97-9090-0692af06b7ab/gehaltsnachweis/1757147287632.jpg,542788,image/jpeg,2025-09-06T08:28:09.529537+00:00
0a19efeb-ecb1-4a43-843e-c039e05cd89b,1edf2fb9-0bfe-4f97-9090-0692af06b7ab,gehaltsnachweis,Screenshot_20250801_172613_Samsung Notes.jpg,1edf2fb9-0bfe-4f97-9090-0692af06b7ab/gehaltsnachweis/1757147274309.jpg,543005,image/jpeg,2025-09-06T08:27:56.685294+00:00
3f7878cc-0ac5-491d-9fe8-9a12923de259,1edf2fb9-0bfe-4f97-9090-0692af06b7ab,gehaltsnachweis,Screenshot_20250801_172630_Samsung Notes.jpg,1edf2fb9-0bfe-4f97-9090-0692af06b7ab/gehaltsnachweis/1757147262827.jpg,536717,image/jpeg,2025-09-06T08:27:45.441542+00:00
cecd1d1c-4038-4968-93b7-2298f29dffbb,1edf2fb9-0bfe-4f97-9090-0692af06b7ab,gehaltsnachweis,Screenshot_20250801_172428_Samsung Notes.jpg,1edf2fb9-0bfe-4f97-9090-0692af06b7ab/gehaltsnachweis/1757147250254.jpg,259820,image/jpeg,2025-09-06T08:27:32.280395+00:00
ffe427b9-2a83-45eb-b96e-58f61e2acc1b,1edf2fb9-0bfe-4f97-9090-0692af06b7ab,gehaltsnachweis,Screenshot_20250801_172434_Samsung Notes.jpg,1edf2fb9-0bfe-4f97-9090-0692af06b7ab/gehaltsnachweis/1757147236473.jpg,295979,image/jpeg,2025-09-06T08:27:18.199421+00:00
d2e0bf67-3da1-4a8e-b951-cee4f0b49df9,1edf2fb9-0bfe-4f97-9090-0692af06b7ab,gehaltsnachweis,Screenshot_20250801_172442_Samsung Notes.jpg,1edf2fb9-0bfe-4f97-9090-0692af06b7ab/gehaltsnachweis/1757147215496.jpg,286428,image/jpeg,2025-09-06T08:26:57.625029+00:00
9e14f0e6-ee5f-44ff-bca0-dfdccb34ada1,06f63d1f-2940-49e1-b25f-0c63019c2268,kontoauszug,DE54290400900107057200_EUR_Kontoauszug_August_2025_Kontostand_1_691_18_EUR_20250830_93d19.pdf,06f63d1f-2940-49e1-b25f-0c63019c2268/kontoauszug/1757146345859.pdf,22828,application/pdf,2025-09-06T08:12:26.923413+00:00
dbf66638-c224-46f2-84ce-91d16397807f,06f63d1f-2940-49e1-b25f-0c63019c2268,personalausweis,IMG_1852.jpeg,06f63d1f-2940-49e1-b25f-0c63019c2268/personalausweis/1757146229055.jpeg,1662673,image/jpeg,2025-09-06T08:10:31.205967+00:00
a1e3fd0a-813a-4046-883d-38aad20ea37e,06f63d1f-2940-49e1-b25f-0c63019c2268,gehaltsnachweis,IMG_1851.jpeg,06f63d1f-2940-49e1-b25f-0c63019c2268/gehaltsnachweis/1757146158161.jpeg,693301,image/jpeg,2025-09-06T08:09:20.156609+00:00
b09e23f8-8a99-4097-994d-56295299721b,7ba88128-576b-44f8-b752-db0266c129ff,personalausweis,ausweisdavid.pdf,7ba88128-576b-44f8-b752-db0266c129ff/personalausweis/1757144173434.pdf,2461779,application/pdf,2025-09-06T07:36:16.587562+00:00
b82d617b-23c3-479a-afdc-9f8eaed31ff9,7ba88128-576b-44f8-b752-db0266c129ff,kontoauszug,Mietzahlungsnachweis.pdf,7ba88128-576b-44f8-b752-db0266c129ff/kontoauszug/1757144157664.pdf,147300,application/pdf,2025-09-06T07:35:58.992484+00:00
5ff5e43f-196c-4af9-aecd-7d900d090730,7ba88128-576b-44f8-b752-db0266c129ff,gehaltsnachweis,Einkommensnachweis (Arbeitsvertragsbestätigung).pdf,7ba88128-576b-44f8-b752-db0266c129ff/gehaltsnachweis/1757144135139.pdf,224130,application/pdf,2025-09-06T07:35:36.763813+00:00
fd72710a-5693-4818-b507-61256b28c477,7ba88128-576b-44f8-b752-db0266c129ff,gehaltsnachweis,Lohnnachweis_3_monate.pdf,7ba88128-576b-44f8-b752-db0266c129ff/gehaltsnachweis/1757144128887.pdf,395573,application/pdf,2025-09-06T07:35:30.641026+00:00
a7734b21-c7db-488e-85d7-d9bb186ddd1c,7ba88128-576b-44f8-b752-db0266c129ff,gehaltsnachweis,Selbständigkeit_EInkommen.PDF,7ba88128-576b-44f8-b752-db0266c129ff/gehaltsnachweis/1757144122339.PDF,193514,application/pdf,2025-09-06T07:35:23.973765+00:00
6fa3c7a5-d459-4c25-9eeb-55de564566d0,1b1a1d98-97e5-4561-a416-60cafe316819,kontoauszug,Bewerbermappe_Georg Ulrich_Bauernschmitt.pdf,1b1a1d98-97e5-4561-a416-60cafe316819/kontoauszug/1757142785152.pdf,3263088,application/pdf,2025-09-06T07:13:07.563185+00:00
9faa5ec2-d2aa-4375-b771-f2afbbc72512,9b77b57c-9d74-45af-98b1-5bee5a9a8f1a,gehaltsnachweis,Bewerbermappe_Tajana_Schappacher.pdf,9b77b57c-9d74-45af-98b1-5bee5a9a8f1a/gehaltsnachweis/1757142698135.pdf,8505137,application/pdf,2025-09-06T07:12:00.548104+00:00
8e3fa921-78ff-48cf-bda9-61b976b89863,00fdbede-6d13-4ce4-abee-bc6fe70ad27f,gehaltsnachweis,01003248_20250626_D0_28.pdf,00fdbede-6d13-4ce4-abee-bc6fe70ad27f/gehaltsnachweis/1757137813604.pdf,33558,application/pdf,2025-09-06T05:50:14.740652+00:00
1d96e75d-46d2-4f12-bde1-f2fe53215d47,00fdbede-6d13-4ce4-abee-bc6fe70ad27f,gehaltsnachweis,01003248_20250729_D0_29.pdf,00fdbede-6d13-4ce4-abee-bc6fe70ad27f/gehaltsnachweis/1757137806229.pdf,23949,application/pdf,2025-09-06T05:50:07.373529+00:00
69c24763-3d87-47d4-b9d1-fb7a6cabecd4,00fdbede-6d13-4ce4-abee-bc6fe70ad27f,gehaltsnachweis,01003248_20250527_D0_24.pdf,00fdbede-6d13-4ce4-abee-bc6fe70ad27f/gehaltsnachweis/1757137784156.pdf,33501,application/pdf,2025-09-06T05:49:45.611738+00:00
88f3604d-7a3d-43e0-854d-b85f6a8ed522,2e592102-f600-46ae-80a2-20fd67b8fd81,personalausweis,Personalausweis_Vincent Kersten.pdf,2e592102-f600-46ae-80a2-20fd67b8fd81/personalausweis/1757110577031.pdf,8000195,application/pdf,2025-09-05T22:16:20.58603+00:00
a7155eba-2d2d-469b-a1e4-e5143a85112a,67a799cd-44b8-4dc8-9852-4bc6950206d4,personalausweis,IMG_0930.jpeg,67a799cd-44b8-4dc8-9852-4bc6950206d4/personalausweis/1757110224701.jpeg,927973,image/jpeg,2025-09-05T22:10:27.738553+00:00
4d5acdb7-50bf-403e-9a62-136c12e4f206,2e592102-f600-46ae-80a2-20fd67b8fd81,gehaltsnachweis,2025-06 Lohnschein_Vincent Kersten.pdf,2e592102-f600-46ae-80a2-20fd67b8fd81/gehaltsnachweis/1757110219745.pdf,363380,application/pdf,2025-09-05T22:10:21.234577+00:00
1722ebfd-ad48-45ec-aad8-91e9cfaf02e9,67a799cd-44b8-4dc8-9852-4bc6950206d4,gehaltsnachweis,Gehaltsnachweise.pdf,67a799cd-44b8-4dc8-9852-4bc6950206d4/gehaltsnachweis/1757110212193.pdf,151814,application/pdf,2025-09-05T22:10:14.834252+00:00
36a895b6-5acb-4236-819b-c523f04a1ff0,2e592102-f600-46ae-80a2-20fd67b8fd81,gehaltsnachweis,2025-07 Lohnschein_Vincent Kersten.pdf,2e592102-f600-46ae-80a2-20fd67b8fd81/gehaltsnachweis/1757110210076.pdf,309020,application/pdf,2025-09-05T22:10:11.734157+00:00
80e4ecd2-3729-4c5b-b50d-81a7f2548966,2e592102-f600-46ae-80a2-20fd67b8fd81,gehaltsnachweis,2025-08 Lohnschein_Vincent Kersten.pdf,2e592102-f600-46ae-80a2-20fd67b8fd81/gehaltsnachweis/1757110195976.pdf,373075,application/pdf,2025-09-05T22:09:57.782518+00:00
a96da98f-53af-415f-90f0-6ac33dc4fd16,d597de29-a77c-41e0-868b-c17378dfe0fe,personalausweis,Personalausweis_Baysal.pdf,d597de29-a77c-41e0-868b-c17378dfe0fe/personalausweis/1757109891346.pdf,842327,application/pdf,2025-09-05T22:04:53.42356+00:00
53a00783-baa6-44db-9883-d935327f340e,d597de29-a77c-41e0-868b-c17378dfe0fe,gehaltsnachweis,Bewerbermappe_Berk_Baysal.pdf,d597de29-a77c-41e0-868b-c17378dfe0fe/gehaltsnachweis/1757109881297.pdf,5481589,application/pdf,2025-09-05T22:04:44.851142+00:00
0b47adad-13e2-4d5c-8803-8441bdf6edfa,ce01abb4-6988-4a5f-8104-130a5d5ceb7b,kontoauszug,BE28034357159520-EX-2025-4.pdf,ce01abb4-6988-4a5f-8104-130a5d5ceb7b/kontoauszug/1757108744570.pdf,51085,application/pdf,2025-09-05T21:45:45.809689+00:00
a45aeb21-dfe0-4be0-8ef0-c50622b026ca,ce01abb4-6988-4a5f-8104-130a5d5ceb7b,personalausweis,"Demarest, Boris - IDkaart voorkant.pdf",ce01abb4-6988-4a5f-8104-130a5d5ceb7b/personalausweis/1757108410950.pdf,187455,application/pdf,2025-09-05T21:40:12.355996+00:00
bcbbb9c3-bf2d-4fa0-941a-e5ab84d1a6ec,4e6070ea-7643-4b56-be33-6250c1996a77,personalausweis,20250901_224359.jpg,4e6070ea-7643-4b56-be33-6250c1996a77/personalausweis/1757108306855.jpg,2655010,image/jpeg,2025-09-05T21:38:46.187623+00:00
ce91d341-bd3f-4f87-969c-3eee5ca4cc36,ce01abb4-6988-4a5f-8104-130a5d5ceb7b,gehaltsnachweis,2025-07-01 Bezuegemitteilung.pdf,ce01abb4-6988-4a5f-8104-130a5d5ceb7b/gehaltsnachweis/1757108322115.pdf,22288,application/pdf,2025-09-05T21:38:43.253062+00:00
7c30dc57-637b-4496-8cf4-ba026907a097,4e6070ea-7643-4b56-be33-6250c1996a77,personalausweis,20250901_224111.jpg,4e6070ea-7643-4b56-be33-6250c1996a77/personalausweis/1757108301761.jpg,2865584,image/jpeg,2025-09-05T21:38:39.934998+00:00
1792b791-3099-481a-bc3c-1d199f471d8d,4e6070ea-7643-4b56-be33-6250c1996a77,gehaltsnachweis,Bonitats-auskunft.pdf,4e6070ea-7643-4b56-be33-6250c1996a77/gehaltsnachweis/1757107762850.pdf,147795,application/pdf,2025-09-05T21:29:29.322982+00:00
b8f7e863-6dea-40e2-a561-e6356fc85e89,4e6070ea-7643-4b56-be33-6250c1996a77,personalausweis,Identitätsnachweis.pdf,4e6070ea-7643-4b56-be33-6250c1996a77/personalausweis/1757107757649.pdf,1089267,application/pdf,2025-09-05T21:29:27.340934+00:00
3e2abc77-5225-4e56-80be-d01d914873a9,4e6070ea-7643-4b56-be33-6250c1996a77,gehaltsnachweis,Bez_gemitteilung_Juli_und_August_2025.pdf,4e6070ea-7643-4b56-be33-6250c1996a77/gehaltsnachweis/1757107748885.pdf,250342,application/pdf,2025-09-05T21:29:16.112079+00:00
64e8acca-184a-4838-aa4e-4e9d73026094,21ee2e21-4090-4184-8da5-1fb12140de4b,gehaltsnachweis,IMG_5819.jpeg,21ee2e21-4090-4184-8da5-1fb12140de4b/gehaltsnachweis/1757106778176.jpeg,2320447,image/jpeg,2025-09-05T21:13:02.866317+00:00
b2f864f7-b052-4fd9-bd29-5acf523a85e1,21ee2e21-4090-4184-8da5-1fb12140de4b,gehaltsnachweis,IMG_5819.jpeg,21ee2e21-4090-4184-8da5-1fb12140de4b/gehaltsnachweis/1757106767348.jpeg,2320447,image/jpeg,2025-09-05T21:12:52.683109+00:00
8e40e7e5-4a99-400b-9be8-a96d67cf9ef9,1d8e8065-b17e-4ee5-a4ef-48e6147abbf8,gehaltsnachweis,Bewerbermappe_Felix_Gass.pdf,1d8e8065-b17e-4ee5-a4ef-48e6147abbf8/gehaltsnachweis/1757105119333.pdf,6207907,application/pdf,2025-09-05T20:45:25.873911+00:00
5f6c668d-c307-4b24-bb4d-4afe9632320c,21ee2e21-4090-4184-8da5-1fb12140de4b,personalausweis,20211021120416981.pdf,21ee2e21-4090-4184-8da5-1fb12140de4b/personalausweis/1757104354695.pdf,5836156,application/pdf,2025-09-05T20:32:44.891715+00:00
b3f1eee1-3cb8-4382-8c07-f1998e56fa74,9ef55b69-02e8-4766-903a-9928353d2402,gehaltsnachweis,checks-2-9FN3DRQY1GNZ5-2.pdf,9ef55b69-02e8-4766-903a-9928353d2402/gehaltsnachweis/1757104280100.pdf,199629,application/pdf,2025-09-05T20:31:22.161469+00:00
ae800343-a108-4aaa-a88b-fb618fffdb78,96a10b2d-3af9-466c-8e7f-a6993059de62,personalausweis,Identitätsnachweis.pdf,96a10b2d-3af9-466c-8e7f-a6993059de62/personalausweis/1757104037403.pdf,1089096,application/pdf,2025-09-05T20:27:23.142544+00:00
215c7ff7-d274-4f06-80b1-51b1c1db7702,96a10b2d-3af9-466c-8e7f-a6993059de62,kontoauszug,Mietzahlungs-Bestätigung.pdf,96a10b2d-3af9-466c-8e7f-a6993059de62/kontoauszug/1757104025374.pdf,1090677,application/pdf,2025-09-05T20:27:12.402952+00:00
798858db-852e-4570-b44c-7d47cc613fb0,96a10b2d-3af9-466c-8e7f-a6993059de62,gehaltsnachweis,Einkommens-Nachweis.pdf,96a10b2d-3af9-466c-8e7f-a6993059de62/gehaltsnachweis/1757104011001.pdf,1090118,application/pdf,2025-09-05T20:26:55.445143+00:00
5c5393e0-69d3-48c5-84c9-f4a43ea14554,0de29bab-7c59-4797-a473-1c0c48e89313,personalausweis,Kenneth-Yeung_Passport.pdf,0de29bab-7c59-4797-a473-1c0c48e89313/personalausweis/1757103960030.pdf,2626189,application/pdf,2025-09-05T20:26:05.395644+00:00
d3ac9dc0-d96b-4d7f-a3eb-6c178645d2c9,0de29bab-7c59-4797-a473-1c0c48e89313,kontoauszug,IMG_7929.png,0de29bab-7c59-4797-a473-1c0c48e89313/kontoauszug/1757103923703.png,238149,image/png,2025-09-05T20:25:25.545867+00:00
e71aa285-e10f-4a41-b6c2-833d2dbc77e7,0de29bab-7c59-4797-a473-1c0c48e89313,kontoauszug,IMG_7928.png,0de29bab-7c59-4797-a473-1c0c48e89313/kontoauszug/1757103915080.png,187174,image/png,2025-09-05T20:25:17.163944+00:00
57c4e20f-3888-4eab-912c-cb3714dd4a59,0de29bab-7c59-4797-a473-1c0c48e89313,gehaltsnachweis,Entgeltnachweis_202505.pdf,0de29bab-7c59-4797-a473-1c0c48e89313/gehaltsnachweis/1757103880278.pdf,30292,application/pdf,2025-09-05T20:24:41.240183+00:00
516e8766-58ed-47c6-b80e-1327891a8761,0de29bab-7c59-4797-a473-1c0c48e89313,gehaltsnachweis,Entgeltnachweis_202506.pdf,0de29bab-7c59-4797-a473-1c0c48e89313/gehaltsnachweis/1757103872613.pdf,24556,application/pdf,2025-09-05T20:24:33.986834+00:00
1deb7451-3543-40f8-9d4a-85db64eab87b,0de29bab-7c59-4797-a473-1c0c48e89313,gehaltsnachweis,Gehaltsnachweis Juli 2025.pdf,0de29bab-7c59-4797-a473-1c0c48e89313/gehaltsnachweis/1757103851850.pdf,24372,application/pdf,2025-09-05T20:24:12.985017+00:00
fe37cdad-1ba3-49df-86c5-206cf35d5265,0de29bab-7c59-4797-a473-1c0c48e89313,gehaltsnachweis,Gehaltsnachweis August 2025.pdf,0de29bab-7c59-4797-a473-1c0c48e89313/gehaltsnachweis/1757103842850.pdf,24666,application/pdf,2025-09-05T20:24:04.23522+00:00
6cb0a397-6180-4037-b4c0-12f803b3ea23,b37c1bc0-644d-45b1-b8d8-1a81ad961d0d,kontoauszug,HVB_Kontoauszug.pdf,b37c1bc0-644d-45b1-b8d8-1a81ad961d0d/kontoauszug/1757103644154.pdf,73027,application/pdf,2025-09-05T20:20:45.464584+00:00
9e93e919-0238-4a63-a015-65e5b69b83e1,9726b216-675b-4cb9-996d-969d889af96e,gehaltsnachweis,Bewerbermappe_Patrick_Lauff.pdf,9726b216-675b-4cb9-996d-969d889af96e/gehaltsnachweis/1757103583526.pdf,4097800,application/pdf,2025-09-05T20:19:57.924211+00:00
df792d63-f2b8-4bd8-b8ba-a483bfa532ba,82c5b6ce-467e-4fa2-8be1-80e3c207516c,personalausweis,perso_back.jpg,82c5b6ce-467e-4fa2-8be1-80e3c207516c/personalausweis/1757103487511.jpg,464776,image/jpeg,2025-09-05T20:18:07.984082+00:00
3d2d748e-d2e3-4738-a08b-38c711162c35,82c5b6ce-467e-4fa2-8be1-80e3c207516c,personalausweis,perso_front.jpg,82c5b6ce-467e-4fa2-8be1-80e3c207516c/personalausweis/1757103482120.jpg,379117,image/jpeg,2025-09-05T20:18:03.5484+00:00
947d3388-df84-456a-b6f1-3c12fec5c5e4,82c5b6ce-467e-4fa2-8be1-80e3c207516c,gehaltsnachweis,Mietzahlungs-Bestätigung.pdf,82c5b6ce-467e-4fa2-8be1-80e3c207516c/gehaltsnachweis/1757103440383.pdf,1092512,application/pdf,2025-09-05T20:17:22.190326+00:00
b49bef9e-0cbe-42c6-a4f8-0c0715c21df1,82c5b6ce-467e-4fa2-8be1-80e3c207516c,gehaltsnachweis,Schufa-Auskunft.pdf,82c5b6ce-467e-4fa2-8be1-80e3c207516c/gehaltsnachweis/1757103428841.pdf,198639,application/pdf,2025-09-05T20:17:10.051573+00:00
123683af-a3dc-4f18-91cd-78d989f1c526,383b29ca-722a-44f1-b239-24d6cf1366ff,personalausweis,Personalausweis.pdf,383b29ca-722a-44f1-b239-24d6cf1366ff/personalausweis/1757103347914.pdf,1193726,application/pdf,2025-09-05T20:15:50.464711+00:00
d346593a-3875-499c-83ea-fb522e55965a,28b3604c-5318-43d4-9b4a-2ca90b08eb46,personalausweis,Personalausweis.pdf,28b3604c-5318-43d4-9b4a-2ca90b08eb46/personalausweis/1757103343953.pdf,1075579,application/pdf,2025-09-05T20:15:47.009832+00:00
9b043a0c-f271-4738-a667-aad05545af05,28b3604c-5318-43d4-9b4a-2ca90b08eb46,personalausweis,250714_Personalausweis.pdf,28b3604c-5318-43d4-9b4a-2ca90b08eb46/personalausweis/1757103332164.pdf,48930,application/pdf,2025-09-05T20:15:33.342962+00:00
7b34ce1a-c4c5-4224-8428-df3b422a943c,a6e5338d-1a10-4e30-aed2-8ed9102bd7bf,personalausweis,Pass.pdf,a6e5338d-1a10-4e30-aed2-8ed9102bd7bf/personalausweis/1757103263140.pdf,264118,application/pdf,2025-09-05T20:14:24.593636+00:00
d0adf4fe-92d4-4e7c-a310-3280da36b8a3,a6e5338d-1a10-4e30-aed2-8ed9102bd7bf,gehaltsnachweis,Einkommens-Nachweis.pdf,a6e5338d-1a10-4e30-aed2-8ed9102bd7bf/gehaltsnachweis/1757103251358.pdf,1090464,application/pdf,2025-09-05T20:14:13.38104+00:00
d0125807-28a8-4b7c-b931-ef12c50d1ef9,82c5b6ce-467e-4fa2-8be1-80e3c207516c,kontoauszug,Vermoegensuebersicht.png,82c5b6ce-467e-4fa2-8be1-80e3c207516c/kontoauszug/1757103141123.png,301559,image/png,2025-09-05T20:12:21.966228+00:00
91b94617-306b-471e-a794-a2abfc5726e6,383b29ca-722a-44f1-b239-24d6cf1366ff,kontoauszug,Bonitats-auskunft.pdf,383b29ca-722a-44f1-b239-24d6cf1366ff/kontoauszug/1757103122636.pdf,147898,application/pdf,2025-09-05T20:12:04.046752+00:00
0161521b-53b8-4f5f-85c8-e8c720afb3e1,82c5b6ce-467e-4fa2-8be1-80e3c207516c,gehaltsnachweis,Steuerbescheid 2024.pdf,82c5b6ce-467e-4fa2-8be1-80e3c207516c/gehaltsnachweis/1757103121774.pdf,436355,application/pdf,2025-09-05T20:12:03.143877+00:00
45dd0dde-bee5-41d7-b87a-10fd0a25268b,82c5b6ce-467e-4fa2-8be1-80e3c207516c,gehaltsnachweis,Steuerbescheid 2023.pdf,82c5b6ce-467e-4fa2-8be1-80e3c207516c/gehaltsnachweis/1757103116642.pdf,387348,application/pdf,2025-09-05T20:11:57.92752+00:00
dc6240aa-5faf-443d-8595-001729861e04,383b29ca-722a-44f1-b239-24d6cf1366ff,gehaltsnachweis,Einkommens-Nachweis.pdf,383b29ca-722a-44f1-b239-24d6cf1366ff/gehaltsnachweis/1757103073826.pdf,1092578,application/pdf,2025-09-05T20:11:16.956987+00:00
1f2f0ccd-84e3-4f9b-b722-28be3a16f56d,f99218de-b262-41c8-8157-8147296fad2b,gehaltsnachweis,Bewerbermappe_Jeremy_Berenbrink.pdf,f99218de-b262-41c8-8157-8147296fad2b/gehaltsnachweis/1757103008781.pdf,5500223,application/pdf,2025-09-05T20:10:10.972441+00:00
e755507f-1c44-475e-9986-03e07a39cff1,28b3604c-5318-43d4-9b4a-2ca90b08eb46,gehaltsnachweis,Bestätigung Nettoeinkommen.pdf,28b3604c-5318-43d4-9b4a-2ca90b08eb46/gehaltsnachweis/1757102781596.pdf,88007,application/pdf,2025-09-05T20:06:23.243707+00:00
c242e41c-3167-482d-9d56-b1eb8cd35ebf,69869835-ad27-4ac4-a2db-36a9fad817e0,personalausweis,IMG_6583.jpeg,69869835-ad27-4ac4-a2db-36a9fad817e0/personalausweis/1757096457986.jpeg,714848,image/jpeg,2025-09-05T18:21:00.334496+00:00
3d9bfe14-131a-4b2d-ab25-038c32539091,6180e476-e56a-44af-8bb4-d7a341159fb7,kontoauszug,Kontoauszug (Hauptkonto) + Schufa.pdf,6180e476-e56a-44af-8bb4-d7a341159fb7/kontoauszug/1757075764591.pdf,540677,application/pdf,2025-09-05T12:36:07.464146+00:00
7b04266d-c028-46a0-acb9-d06e6db0f573,6180e476-e56a-44af-8bb4-d7a341159fb7,gehaltsnachweis,Gehaltsnachweise + neuer Arbeitsvertrag (Gehalt).pdf,6180e476-e56a-44af-8bb4-d7a341159fb7/gehaltsnachweis/1757075756390.pdf,2198055,application/pdf,2025-09-05T12:36:01.044657+00:00
1ca3a5be-9baf-4af0-b350-227d4b8c5bd6,6180e476-e56a-44af-8bb4-d7a341159fb7,personalausweis,Identity Card Guarneri Alessandra.pdf,6180e476-e56a-44af-8bb4-d7a341159fb7/personalausweis/1757075139023.pdf,99191,application/pdf,2025-09-05T12:25:42.246133+00:00
be54446b-e580-44b9-bc32-10b0334b01df,47eebd86-cffe-42e0-96f4-1352a0e759e4,gehaltsnachweis,Bewerbermappe_Tobias_Müller (1).pdf,47eebd86-cffe-42e0-96f4-1352a0e759e4/gehaltsnachweis/1757065321864.pdf,5177261,application/pdf,2025-09-05T09:42:08.808276+00:00
7350a6ad-7b2d-467d-9b62-bad9fc683e6d,a0b6845c-0181-49d2-b5a2-ba0059aff70b,personalausweis,IMG_5537.jpeg,a0b6845c-0181-49d2-b5a2-ba0059aff70b/personalausweis/1757061512075.jpeg,959358,image/jpeg,2025-09-05T08:38:34.685096+00:00
ff02bb35-0fbd-4eb6-88bb-6477cf3392a2,a0b6845c-0181-49d2-b5a2-ba0059aff70b,gehaltsnachweis,Juni.pdf,a0b6845c-0181-49d2-b5a2-ba0059aff70b/gehaltsnachweis/1757061495735.pdf,37888,application/pdf,2025-09-05T08:38:16.900367+00:00
36628c6e-9585-43d1-8fb5-0c324cd336f1,6ce32c99-9246-4190-a308-1c24bc195cf6,kontoauszug,Wohnungsbewerbung.pdf,6ce32c99-9246-4190-a308-1c24bc195cf6/kontoauszug/1757015554820.pdf,10306596,application/pdf,2025-09-04T19:52:42.991141+00:00
9a973742-6408-4f54-826f-7159ecda3c4d,6ce32c99-9246-4190-a308-1c24bc195cf6,personalausweis,Wohnungsbewerbung.pdf,6ce32c99-9246-4190-a308-1c24bc195cf6/personalausweis/1757015529951.pdf,10306596,application/pdf,2025-09-04T19:52:18.06729+00:00
35051a01-b390-42a3-9bb9-57d05c1b2ca4,6ce32c99-9246-4190-a308-1c24bc195cf6,gehaltsnachweis,Wohnungsbewerbung.pdf,6ce32c99-9246-4190-a308-1c24bc195cf6/gehaltsnachweis/1757015457716.pdf,10306596,application/pdf,2025-09-04T19:51:05.997879+00:00
0def8afd-0f38-4fcc-868f-bf50b78800d5,4f047a8d-3f9d-49d2-8bdf-fabbbb71d166,gehaltsnachweis,Bewerbermappe_Frederike Anna_Hagedorn.pdf,4f047a8d-3f9d-49d2-8bdf-fabbbb71d166/gehaltsnachweis/1756999516777.pdf,4328870,application/pdf,2025-09-04T15:31:32.071688+00:00
5533e387-2c04-468f-b7ec-4a125b269478,440e2ee2-4194-4a2f-ae2d-ce7795fd761a,gehaltsnachweis,(AT_CH_DE) Employment Verification Letter with salary and bonus (German) 2025-07-24 (1).pdf,440e2ee2-4194-4a2f-ae2d-ce7795fd761a/gehaltsnachweis/1756992465605.pdf,62222,application/pdf,2025-09-04T13:27:45.468652+00:00
d84b3319-bd58-4d74-88c5-b856d39abd5a,440e2ee2-4194-4a2f-ae2d-ce7795fd761a,personalausweis,Screenshot_20250904-152404.png,440e2ee2-4194-4a2f-ae2d-ce7795fd761a/personalausweis/1756992351663.png,2374770,image/png,2025-09-04T13:25:52.77944+00:00
d4724b35-9783-4edb-95b7-2267406d1eba,3bead694-53f3-4564-9089-b6d903bc857c,personalausweis,17569883926348565575010481247411.jpg,3bead694-53f3-4564-9089-b6d903bc857c/personalausweis/1756988402277.jpg,13266543,image/jpeg,2025-09-04T12:20:09.246264+00:00
6e6ac606-8f13-4d23-9213-3aaad5b81426,3bead694-53f3-4564-9089-b6d903bc857c,personalausweis,17569883506655184709053256775118.jpg,3bead694-53f3-4564-9089-b6d903bc857c/personalausweis/1756988383112.jpg,14033573,image/jpeg,2025-09-04T12:19:51.572036+00:00
64a5bb2b-2c74-41fe-b642-c15a5bcdce1c,3bead694-53f3-4564-9089-b6d903bc857c,gehaltsnachweis,Entgeltabrechnung_August_2025 (1).pdf,3bead694-53f3-4564-9089-b6d903bc857c/gehaltsnachweis/1756988346058.pdf,6964,application/pdf,2025-09-04T12:19:07.610826+00:00
8b37c68f-9f8e-47d8-b995-598890d1914f,3bead694-53f3-4564-9089-b6d903bc857c,kontoauszug,1_Kontoauszug_0020102779_210461198.PDF,3bead694-53f3-4564-9089-b6d903bc857c/kontoauszug/1756987468855.PDF,185188,application/pdf,2025-09-04T12:04:31.137791+00:00
8888b1f5-d326-4a5e-9a26-b58fd62275a0,92fa5c91-05d9-4e47-ad1d-a6d8323d904d,gehaltsnachweis,Anlagenmappe1.pdf,92fa5c91-05d9-4e47-ad1d-a6d8323d904d/gehaltsnachweis/1756911340338.pdf,1395180,application/pdf,2025-09-03T14:55:43.256238+00:00
9ba94ef1-490a-4815-9cef-1f1b8c2adf7e,ad350ebc-d2ba-4a3f-b705-c4011abcdaeb,gehaltsnachweis,Gehaltsnachweis Augusto.pdf,ad350ebc-d2ba-4a3f-b705-c4011abcdaeb/gehaltsnachweis/1756897909317.pdf,8354,application/pdf,2025-09-03T11:11:50.301659+00:00
7ee226c0-1856-4746-82e6-7b4c90d078b3,ad350ebc-d2ba-4a3f-b705-c4011abcdaeb,personalausweis,Personalausweis1.jpeg,ad350ebc-d2ba-4a3f-b705-c4011abcdaeb/personalausweis/1756897496674.jpeg,2835955,image/jpeg,2025-09-03T11:04:59.624031+00:00
a1b04b4a-7b28-4069-bb4a-1e4659691f18,ad350ebc-d2ba-4a3f-b705-c4011abcdaeb,personalausweis,Personalausweis2.jpeg,ad350ebc-d2ba-4a3f-b705-c4011abcdaeb/personalausweis/1756897482976.jpeg,2820900,image/jpeg,2025-09-03T11:04:46.189843+00:00
d1a581fb-8745-48ba-a8d0-dddcd70cc949,ad350ebc-d2ba-4a3f-b705-c4011abcdaeb,kontoauszug,Einnahmenüberschussrechnung-03534-3432-2023.pdf,ad350ebc-d2ba-4a3f-b705-c4011abcdaeb/kontoauszug/1756897467414.pdf,186132,application/pdf,2025-09-03T11:04:28.980523+00:00
cfa269cc-f67c-49e1-9f0a-e31b489f85d2,ad350ebc-d2ba-4a3f-b705-c4011abcdaeb,kontoauszug,Selbstauskunft_Carina_Neumann _03.09.25.pdf,ad350ebc-d2ba-4a3f-b705-c4011abcdaeb/kontoauszug/1756897444090.pdf,309174,application/pdf,2025-09-03T11:04:05.968637+00:00
9b2bf397-3102-42d0-9ae4-845419279d1d,ad350ebc-d2ba-4a3f-b705-c4011abcdaeb,kontoauszug,Screenshot Privatkonto_03.09.25.jpg,ad350ebc-d2ba-4a3f-b705-c4011abcdaeb/kontoauszug/1756897433746.jpg,368372,image/jpeg,2025-09-03T11:03:55.309502+00:00
97a74950-b4aa-4172-8383-bc0e08a90ce7,ad350ebc-d2ba-4a3f-b705-c4011abcdaeb,gehaltsnachweis,Gehaltsnachweis_Mai25.pdf,ad350ebc-d2ba-4a3f-b705-c4011abcdaeb/gehaltsnachweis/1756897426174.pdf,885785,application/pdf,2025-09-03T11:03:47.294078+00:00
b7030c96-59b5-402c-9bd3-1b6d39a3521b,ad350ebc-d2ba-4a3f-b705-c4011abcdaeb,gehaltsnachweis,Gehaltsnachweis_Juni25.pdf,ad350ebc-d2ba-4a3f-b705-c4011abcdaeb/gehaltsnachweis/1756897417606.pdf,930352,application/pdf,2025-09-03T11:03:39.948007+00:00
4382db2f-0183-48d9-b7eb-83c8f0e90909,ad350ebc-d2ba-4a3f-b705-c4011abcdaeb,gehaltsnachweis,Gehaltsnachweis_Juli25.pdf,ad350ebc-d2ba-4a3f-b705-c4011abcdaeb/gehaltsnachweis/1756897401943.pdf,940134,application/pdf,2025-09-03T11:03:24.425994+00:00
b8f59a09-ba48-41fa-afac-216575446c96,59022e07-5084-4c07-bf17-9f069735f99f,gehaltsnachweis,Besoldungsnachweis September 2025.jpeg,59022e07-5084-4c07-bf17-9f069735f99f/gehaltsnachweis/1756485413754.jpeg,1939096,image/jpeg,2025-08-29T16:36:56.513352+00:00
7119a63a-9b5a-40a3-b9d7-d008681425c4,59022e07-5084-4c07-bf17-9f069735f99f,personalausweis,Scan Personalausweis.pdf,59022e07-5084-4c07-bf17-9f069735f99f/personalausweis/1756484917914.pdf,292114,application/pdf,2025-08-29T16:28:38.733291+00:00
101fa69b-d560-4969-b86a-5837b1b97801,59022e07-5084-4c07-bf17-9f069735f99f,kontoauszug,Konto Auszug Mai 2025.PDF,59022e07-5084-4c07-bf17-9f069735f99f/kontoauszug/1756484909151.PDF,112475,application/pdf,2025-08-29T16:28:30.163358+00:00
b1bd718a-e5ba-4f65-b2a7-9e3ec370650b,59022e07-5084-4c07-bf17-9f069735f99f,kontoauszug,Konto Auszug Juni 2025.PDF,59022e07-5084-4c07-bf17-9f069735f99f/kontoauszug/1756484905220.PDF,102040,application/pdf,2025-08-29T16:28:26.33622+00:00
f4c8eb0c-75c5-479d-80d2-3ce4834759ff,59022e07-5084-4c07-bf17-9f069735f99f,kontoauszug,Konto Auszug Juli 2025.PDF,59022e07-5084-4c07-bf17-9f069735f99f/kontoauszug/1756484900800.PDF,103390,application/pdf,2025-08-29T16:28:21.947286+00:00
bd887534-8c0c-420d-aaae-99976e7888a6,59022e07-5084-4c07-bf17-9f069735f99f,gehaltsnachweis,Besoldungsnachweis März 2025.jpeg,59022e07-5084-4c07-bf17-9f069735f99f/gehaltsnachweis/1756484887208.jpeg,1327524,image/jpeg,2025-08-29T16:28:09.257044+00:00
73015e97-7135-4092-b905-247aed4cb812,59022e07-5084-4c07-bf17-9f069735f99f,gehaltsnachweis,Besoldungsnachweis Mai 2025.jpeg,59022e07-5084-4c07-bf17-9f069735f99f/gehaltsnachweis/1756484871213.jpeg,3004562,image/jpeg,2025-08-29T16:27:53.14385+00:00
ed5b38e0-60e3-4cac-8cee-1114177da1c3,59022e07-5084-4c07-bf17-9f069735f99f,gehaltsnachweis,Besoldungsnachweis April 2025.jpeg,59022e07-5084-4c07-bf17-9f069735f99f/gehaltsnachweis/1756484865180.jpeg,1434043,image/jpeg,2025-08-29T16:27:47.717553+00:00
b6267e32-57fe-4650-8ebc-01bb0f90b091,df0388ea-c40d-4c1a-a49b-17c0515eddc4,gehaltsnachweis,Schufa sergio sosa.pdf,df0388ea-c40d-4c1a-a49b-17c0515eddc4/gehaltsnachweis/1756446169682.pdf,423658,application/pdf,2025-08-29T05:42:51.529465+00:00
156176a0-6d19-4452-a7d1-dd82adb8deee,9bb7e4b6-4294-49b4-a361-04a897716a99,kontoauszug,SCHUFA Holding AG • Postfach 102166 • 44721 Bochum.pdf,9bb7e4b6-4294-49b4-a361-04a897716a99/kontoauszug/1756115397163.pdf,7363011,application/pdf,2025-08-25T09:50:06.011572+00:00
3ab45d9a-a4c7-4144-9d2d-c6636b9d6ff0,e30395be-6ff8-41e2-b2e5-7be41ccd4342,personalausweis,IMG_2734.jpg,e30395be-6ff8-41e2-b2e5-7be41ccd4342/personalausweis/1756054192437.jpg,1276710,image/jpeg,2025-08-24T16:49:55.417404+00:00
71866c90-c4b6-4cd1-af1c-bc395c45fd80,e30395be-6ff8-41e2-b2e5-7be41ccd4342,gehaltsnachweis,CamScanner 8-24-25 18.39_3.jpeg,e30395be-6ff8-41e2-b2e5-7be41ccd4342/gehaltsnachweis/1756054052293.jpeg,940940,image/jpeg,2025-08-24T16:47:29.281294+00:00
5b5fafef-73a2-4621-bf16-270ddeec9103,e30395be-6ff8-41e2-b2e5-7be41ccd4342,gehaltsnachweis,CamScanner 8-24-25 18.39_2.jpeg,e30395be-6ff8-41e2-b2e5-7be41ccd4342/gehaltsnachweis/1756054049306.jpeg,826263,image/jpeg,2025-08-24T16:47:27.402208+00:00
85132585-391e-4dc1-8493-f08ff54b2b28,e30395be-6ff8-41e2-b2e5-7be41ccd4342,gehaltsnachweis,CamScanner 8-24-25 18.39_1.jpeg,e30395be-6ff8-41e2-b2e5-7be41ccd4342/gehaltsnachweis/1756054042181.jpeg,958140,image/jpeg,2025-08-24T16:47:23.647907+00:00
c986122c-598c-4cb3-9e61-6882bb6f5b8d,e30395be-6ff8-41e2-b2e5-7be41ccd4342,kontoauszug,IMG_8331.jpg,e30395be-6ff8-41e2-b2e5-7be41ccd4342/kontoauszug/1756053788707.jpg,405232,image/jpeg,2025-08-24T16:43:05.825229+00:00
356a6c0d-588d-45ad-8fc8-95aafc9f7e02,e30395be-6ff8-41e2-b2e5-7be41ccd4342,kontoauszug,IMG_8330.jpg,e30395be-6ff8-41e2-b2e5-7be41ccd4342/kontoauszug/1756053782674.jpg,399030,image/jpeg,2025-08-24T16:43:00.970816+00:00
241e0d99-b9b8-43b4-b224-569095885397,e30395be-6ff8-41e2-b2e5-7be41ccd4342,kontoauszug,IMG_8329.jpg,e30395be-6ff8-41e2-b2e5-7be41ccd4342/kontoauszug/1756053774179.jpg,377721,image/jpeg,2025-08-24T16:42:52.598195+00:00
ae2931b8-a7bd-4294-9cdd-37d6cd5e5b6c,df0388ea-c40d-4c1a-a49b-17c0515eddc4,kontoauszug,Konto auszuh august.pdf,df0388ea-c40d-4c1a-a49b-17c0515eddc4/kontoauszug/1755974291741.pdf,34097,application/pdf,2025-08-23T18:38:12.521433+00:00
8c3564b4-be0a-4f40-b344-22244de50720,df0388ea-c40d-4c1a-a49b-17c0515eddc4,gehaltsnachweis,neu anmeldung .pdf,df0388ea-c40d-4c1a-a49b-17c0515eddc4/gehaltsnachweis/1755974273530.pdf,675990,application/pdf,2025-08-23T18:37:58.095431+00:00
74fa3b34-24f5-4518-b6ee-915f205c8173,df0388ea-c40d-4c1a-a49b-17c0515eddc4,gehaltsnachweis,wohnung prufen.pdf,df0388ea-c40d-4c1a-a49b-17c0515eddc4/gehaltsnachweis/1755974265361.pdf,704155,application/pdf,2025-08-23T18:37:50.122136+00:00
16fc7606-cca6-4d6f-ac81-ab8840cb984b,df0388ea-c40d-4c1a-a49b-17c0515eddc4,gehaltsnachweis,steuernummer .pdf,df0388ea-c40d-4c1a-a49b-17c0515eddc4/gehaltsnachweis/1755974143428.pdf,2302370,application/pdf,2025-08-23T18:35:55.755529+00:00
0cc60a50-0e3c-40db-af5f-ed2c8447fc5b,df0388ea-c40d-4c1a-a49b-17c0515eddc4,gehaltsnachweis,schufa .pdf,df0388ea-c40d-4c1a-a49b-17c0515eddc4/gehaltsnachweis/1755974132407.pdf,923061,application/pdf,2025-08-23T18:35:37.916924+00:00
4fe43199-61c1-4112-ba8a-2a07c06de486,df0388ea-c40d-4c1a-a49b-17c0515eddc4,gehaltsnachweis,SuSa 07-2025.PDF,df0388ea-c40d-4c1a-a49b-17c0515eddc4/gehaltsnachweis/1755974102695.PDF,4829,application/pdf,2025-08-23T18:35:03.826111+00:00
0bd78be3-2042-4b29-9c18-ad48e935a829,df0388ea-c40d-4c1a-a49b-17c0515eddc4,gehaltsnachweis,BWA 07-2025.PDF,df0388ea-c40d-4c1a-a49b-17c0515eddc4/gehaltsnachweis/1755974086132.PDF,9844,application/pdf,2025-08-23T18:34:47.218773+00:00
581bab0f-9120-4420-8a66-646a5b181cb2,df0388ea-c40d-4c1a-a49b-17c0515eddc4,gehaltsnachweis,Anschreiben BWA 07-2025.pdf,df0388ea-c40d-4c1a-a49b-17c0515eddc4/gehaltsnachweis/1755974078579.pdf,174461,application/pdf,2025-08-23T18:34:40.877341+00:00
94c56481-091d-4f96-b76b-6477a8715d05,df0388ea-c40d-4c1a-a49b-17c0515eddc4,gehaltsnachweis,Lohnscheine may.pdf,df0388ea-c40d-4c1a-a49b-17c0515eddc4/gehaltsnachweis/1755974010828.pdf,178236,application/pdf,2025-08-23T18:33:33.078038+00:00
95ee94ae-d2b0-4b65-aff0-3a78744fa09c,df0388ea-c40d-4c1a-a49b-17c0515eddc4,gehaltsnachweis,Lohnscheine jun.pdf,df0388ea-c40d-4c1a-a49b-17c0515eddc4/gehaltsnachweis/1755974004025.pdf,177277,application/pdf,2025-08-23T18:33:26.123442+00:00
710807bb-2da4-491a-ae37-d42a4b7f9937,df0388ea-c40d-4c1a-a49b-17c0515eddc4,gehaltsnachweis,Lohnscheine july.pdf,df0388ea-c40d-4c1a-a49b-17c0515eddc4/gehaltsnachweis/1755973993956.pdf,177917,application/pdf,2025-08-23T18:33:16.200996+00:00
feae45bd-2bff-4f38-8a15-18f416df2c36,df0388ea-c40d-4c1a-a49b-17c0515eddc4,personalausweis,reispass sergio sebastian sosa.pdf,df0388ea-c40d-4c1a-a49b-17c0515eddc4/personalausweis/1755973965639.pdf,2678853,application/pdf,2025-08-23T18:32:57.57008+00:00
d6824d3f-be76-407a-9f65-97b62971a0c2,df0388ea-c40d-4c1a-a49b-17c0515eddc4,personalausweis,reisspass matias emanuel martinez.pdf,df0388ea-c40d-4c1a-a49b-17c0515eddc4/personalausweis/1755973951850.pdf,2210882,application/pdf,2025-08-23T18:32:42.938167+00:00
4917eed6-24dc-4f85-bdcc-ee9f820f25b1,f7d13bd3-96e1-48cf-9396-4ece8daf557e,kontoauszug,Kontoauszug Juli.jpg,f7d13bd3-96e1-48cf-9396-4ece8daf557e/kontoauszug/1755889297894.jpg,148668,image/jpeg,2025-08-22T19:01:37.88965+00:00
78ac3a6a-d956-49af-a4bf-54fdde866442,f7d13bd3-96e1-48cf-9396-4ece8daf557e,gehaltsnachweis,Gehaltsnachweis Juli.pdf,f7d13bd3-96e1-48cf-9396-4ece8daf557e/gehaltsnachweis/1755888845191.pdf,15240,application/pdf,2025-08-22T18:54:04.65965+00:00
1297da41-a7f9-41fc-bc84-72fc4224e6e4,58e06f07-db3a-4ed3-a77e-93c539022e9d,personalausweis,Ausweis-Elias Mansour .pdf,58e06f07-db3a-4ed3-a77e-93c539022e9d/personalausweis/1755860011299.pdf,1852153,application/pdf,2025-08-22T10:53:35.932729+00:00
9917ace3-2344-4bb0-8749-8eb48a8a73e1,58e06f07-db3a-4ed3-a77e-93c539022e9d,kontoauszug,Bonitaetscheck_PJ79-YG8M-1UOS3_250714_102721.pdf,58e06f07-db3a-4ed3-a77e-93c539022e9d/kontoauszug/1755860001958.pdf,198277,application/pdf,2025-08-22T10:53:23.715506+00:00
e008e641-4a99-4b09-9d9c-180c071dd633,58e06f07-db3a-4ed3-a77e-93c539022e9d,gehaltsnachweis,Brutto-Netto-Abrechnung 2025 07 Juli.pdf,58e06f07-db3a-4ed3-a77e-93c539022e9d/gehaltsnachweis/1755859952980.pdf,27637,application/pdf,2025-08-22T10:52:33.934168+00:00
725fdd1a-d7aa-43e9-9945-8478f9ff0984,58e06f07-db3a-4ed3-a77e-93c539022e9d,gehaltsnachweis,Brutto-Netto-Abrechnung 2025 06 Juni.pdf,58e06f07-db3a-4ed3-a77e-93c539022e9d/gehaltsnachweis/1755859945482.pdf,27717,application/pdf,2025-08-22T10:52:26.587847+00:00
8cd3640e-99b5-411f-b357-8d4142281fd9,58e06f07-db3a-4ed3-a77e-93c539022e9d,gehaltsnachweis,Brutto-Netto-Abrechnung 2025 05 Mai.pdf,58e06f07-db3a-4ed3-a77e-93c539022e9d/gehaltsnachweis/1755859936344.pdf,27352,application/pdf,2025-08-22T10:52:17.451389+00:00
58690cff-4b6c-441c-915f-33795d49646f,9bb7e4b6-4294-49b4-a361-04a897716a99,personalausweis,Perso_Kopie_Rohde.pdf,9bb7e4b6-4294-49b4-a361-04a897716a99/personalausweis/1755844420476.pdf,4656728,application/pdf,2025-08-22T06:33:45.690464+00:00
882585ff-176d-4fa7-9fd3-fea4ba5ddfa7,9bb7e4b6-4294-49b4-a361-04a897716a99,gehaltsnachweis,Gehaltsabrechnung_Juli2025FR.pdf,9bb7e4b6-4294-49b4-a361-04a897716a99/gehaltsnachweis/1755838243357.pdf,634515,application/pdf,2025-08-22T04:50:46.63101+00:00
8cc13226-5399-4c64-bc7b-caaa6291903f,9bb7e4b6-4294-49b4-a361-04a897716a99,gehaltsnachweis,Gehaltsabrechnung_Juni2025_FR.pdf,9bb7e4b6-4294-49b4-a361-04a897716a99/gehaltsnachweis/1755838232880.pdf,636003,application/pdf,2025-08-22T04:50:35.102079+00:00
5faa2b7e-2993-4baf-8f7d-e4b687978eb0,9bb7e4b6-4294-49b4-a361-04a897716a99,gehaltsnachweis,Gehaltsabrechnung_Mai2025FR.pdf,9bb7e4b6-4294-49b4-a361-04a897716a99/gehaltsnachweis/1755838118624.pdf,635294,application/pdf,2025-08-22T04:48:40.61491+00:00
4399cde4-eb67-4499-8dd7-9cefa096088f,11b6c491-71dd-451a-ac33-50ca0aa3301b,personalausweis,Perso Scan.pdf,11b6c491-71dd-451a-ac33-50ca0aa3301b/personalausweis/1755808143779.pdf,735913,application/pdf,2025-08-21T20:29:05.710918+00:00
ff1eea08-7bc8-4183-a995-93570ba288fb,11b6c491-71dd-451a-ac33-50ca0aa3301b,gehaltsnachweis,Gehaltsnachweise Daniela Verschüer 2.pdf,11b6c491-71dd-451a-ac33-50ca0aa3301b/gehaltsnachweis/1755808132259.pdf,364480,application/pdf,2025-08-21T20:28:54.092213+00:00
51a892c7-39ba-421a-b3f3-4581d88fb2af,3a68500b-d9bb-4115-931f-a9702a57ada4,kontoauszug,Kontoauszug_Mai.pdf,3a68500b-d9bb-4115-931f-a9702a57ada4/kontoauszug/1755770056455.pdf,554396,application/pdf,2025-08-21T09:54:18.944323+00:00
a9d0c8b1-7eb7-459b-a70f-d390581d223d,3a68500b-d9bb-4115-931f-a9702a57ada4,kontoauszug,Kontoauszug_Juni.pdf,3a68500b-d9bb-4115-931f-a9702a57ada4/kontoauszug/1755770052616.pdf,567249,application/pdf,2025-08-21T09:54:14.155672+00:00
c3385f23-e44d-4b03-88e5-b2b796440f54,3a68500b-d9bb-4115-931f-a9702a57ada4,kontoauszug,Kontoauszug_Juli.pdf,3a68500b-d9bb-4115-931f-a9702a57ada4/kontoauszug/1755770046669.pdf,573337,application/pdf,2025-08-21T09:54:09.551893+00:00
a5cf8f85-05c2-4902-ba4f-d62f29e4c615,3a68500b-d9bb-4115-931f-a9702a57ada4,gehaltsnachweis,Wohnungsunterlagen Kopie 2.pdf,3a68500b-d9bb-4115-931f-a9702a57ada4/gehaltsnachweis/1755769400350.pdf,508656,application/pdf,2025-08-21T09:43:22.357584+00:00
0f187b83-145b-4452-98d0-a322de8529e4,3a68500b-d9bb-4115-931f-a9702a57ada4,personalausweis,ausweis Tuba.pdf,3a68500b-d9bb-4115-931f-a9702a57ada4/personalausweis/1755769346024.pdf,341349,application/pdf,2025-08-21T09:42:28.494669+00:00
8a1d3f10-d73e-4412-a7e0-10d55c6aa6d1,3a68500b-d9bb-4115-931f-a9702a57ada4,gehaltsnachweis,Bonitats-auskunft_Tuba Cayli.pdf,3a68500b-d9bb-4115-931f-a9702a57ada4/gehaltsnachweis/1755769215208.pdf,419969,application/pdf,2025-08-21T09:40:17.544839+00:00